lang_code,size
ace_Latn-ban_Latn,48087
ace_Latn-bjn_Latn,49121
ace_Latn-bug_Latn,50485
ace_Latn-ceb_Latn,144870
ace_Latn-eng_Latn,2443442
ace_Latn-fij_Latn,60634
ace_Latn-ilo_Latn,102220
ace_Latn-jav_Latn,124566
ace_Latn-min_Latn,36362
ace_Latn-mri_Latn,63520
ace_Latn-pag_Latn,63096
ace_Latn-plt_Latn,123590
ace_Latn-smo_Latn,63113
ace_Latn-sun_Latn,89493
ace_Latn-war_Latn,116246
afr_Latn-aka_Latn,96786
afr_Latn-amh_Ethi,2084061
afr_Latn-bam_Latn,121707
afr_Latn-bem_Latn,340946
afr_Latn-cjk_Latn,127834
afr_Latn-dik_Latn,113793
afr_Latn-dyu_Latn,130823
afr_Latn-eng_Latn,39314717
afr_Latn-ewe_Latn,603861
afr_Latn-fon_Latn,250256
afr_Latn-fra_Latn,9586310
afr_Latn-fuv_Latn,168993
afr_Latn-gaz_Latn,471696
afr_Latn-hau_Latn,1915829
afr_Latn-ibo_Latn,820401
afr_Latn-kam_Latn,99195
afr_Latn-kik_Latn,127764
afr_Latn-kin_Latn,1042316
afr_Latn-kmb_Latn,115415
afr_Latn-knc_Arab,1516165
afr_Latn-knc_Latn,101078
afr_Latn-kon_Latn,199797
afr_Latn-lin_Latn,346128
afr_Latn-lua_Latn,272614
afr_Latn-lug_Latn,477039
afr_Latn-luo_Latn,309309
afr_Latn-nso_Latn,408589
afr_Latn-nus_Latn,51337
afr_Latn-nya_Latn,1149573
afr_Latn-run_Latn,538952
afr_Latn-sna_Latn,1293875
afr_Latn-som_Latn,1432523
afr_Latn-sot_Latn,1233451
afr_Latn-ssw_Latn,184251
afr_Latn-swh_Latn,2454143
afr_Latn-tir_Ethi,454330
afr_Latn-tsn_Latn,779255
afr_Latn-tso_Latn,554518
afr_Latn-tum_Latn,407317
afr_Latn-twi_Latn,567621
afr_Latn-umb_Latn,205246
afr_Latn-wol_Latn,237043
afr_Latn-xho_Latn,1361566
afr_Latn-yor_Latn,1775488
afr_Latn-zul_Latn,1771278
aka_Latn-amh_Ethi,101523
aka_Latn-bam_Latn,14267
aka_Latn-bem_Latn,34555
aka_Latn-cjk_Latn,17355
aka_Latn-dik_Latn,13572
aka_Latn-dyu_Latn,19101
aka_Latn-eng_Latn,133151
aka_Latn-ewe_Latn,64269
aka_Latn-fon_Latn,46382
aka_Latn-fra_Latn,309911
aka_Latn-fuv_Latn,14234
aka_Latn-gaz_Latn,47078
aka_Latn-hau_Latn,98876
aka_Latn-ibo_Latn,39244
aka_Latn-kam_Latn,11522
aka_Latn-kik_Latn,13930
aka_Latn-kin_Latn,67130
aka_Latn-kmb_Latn,15566
aka_Latn-knc_Arab,166729
aka_Latn-knc_Latn,17201
aka_Latn-kon_Latn,23039
aka_Latn-lin_Latn,36203
aka_Latn-lua_Latn,33795
aka_Latn-lug_Latn,45950
aka_Latn-luo_Latn,32769
aka_Latn-nso_Latn,46138
aka_Latn-nus_Latn,8534
aka_Latn-nya_Latn,52335
aka_Latn-run_Latn,47706
aka_Latn-sna_Latn,68092
aka_Latn-som_Latn,78259
aka_Latn-sot_Latn,61113
aka_Latn-ssw_Latn,19251
aka_Latn-swh_Latn,165350
aka_Latn-tir_Ethi,33956
aka_Latn-tsn_Latn,54079
aka_Latn-tso_Latn,51276
aka_Latn-tum_Latn,36800
aka_Latn-twi_Latn,76664
aka_Latn-umb_Latn,22651
aka_Latn-wol_Latn,39021
aka_Latn-xho_Latn,70562
aka_Latn-yor_Latn,113776
aka_Latn-zul_Latn,82123
amh_Ethi-bam_Latn,51635
amh_Ethi-bem_Latn,171640
amh_Ethi-cjk_Latn,69533
amh_Ethi-dik_Latn,45791
amh_Ethi-dyu_Latn,99334
amh_Ethi-eng_Latn,16137053
amh_Ethi-ewe_Latn,245623
amh_Ethi-fon_Latn,95259
amh_Ethi-fra_Latn,4460952
amh_Ethi-fuv_Latn,435048
amh_Ethi-gaz_Latn,109805
amh_Ethi-hau_Latn,751953
amh_Ethi-ibo_Latn,419692
amh_Ethi-kam_Latn,81295
amh_Ethi-kik_Latn,97726
amh_Ethi-kin_Latn,304469
amh_Ethi-kmb_Latn,64624
amh_Ethi-knc_Arab,283652
amh_Ethi-knc_Latn,14028
amh_Ethi-kon_Latn,109426
amh_Ethi-lin_Latn,155816
amh_Ethi-lua_Latn,160078
amh_Ethi-lug_Latn,179444
amh_Ethi-luo_Latn,143809
amh_Ethi-nso_Latn,147780
amh_Ethi-nus_Latn,35192
amh_Ethi-nya_Latn,725008
amh_Ethi-run_Latn,259185
amh_Ethi-sna_Latn,856816
amh_Ethi-som_Latn,516987
amh_Ethi-sot_Latn,746659
amh_Ethi-ssw_Latn,66047
amh_Ethi-swh_Latn,1030476
amh_Ethi-tir_Ethi,300472
amh_Ethi-tsn_Latn,278272
amh_Ethi-tso_Latn,251293
amh_Ethi-tum_Latn,256776
amh_Ethi-twi_Latn,224561
amh_Ethi-umb_Latn,102087
amh_Ethi-wol_Latn,66465
amh_Ethi-xho_Latn,520514
amh_Ethi-yor_Latn,422785
amh_Ethi-zul_Latn,938790
arb_Arab-ckb_Arab,2785544
arb_Arab-crh_Latn,453876
arb_Arab-dik_Latn,173953
arb_Arab-diq_Latn,414851
arb_Arab-fuv_Latn,337697
arb_Arab-kmr_Latn,645543
arb_Arab-knc_Latn,148360
arb_Arab-nus_Latn,94315
arb_Arab-som_Latn,2645032
arb_Arab-tat_Cyrl,2080360
arb_Arab-tzm_Tfng,85997
arb_Arab-urd_Arab,4926599
arb_Arab-wol_Latn,302140
asm_Beng-awa_Deva,61195
asm_Beng-ben_Beng,1045522
asm_Beng-bho_Deva,83992
asm_Beng-eng_Latn,5161159
asm_Beng-guj_Gujr,594368
asm_Beng-hin_Deva,495746
asm_Beng-hne_Deva,37228
asm_Beng-kan_Knda,784537
asm_Beng-kas_Arab,19089
asm_Beng-kas_Deva,42008
asm_Beng-mag_Deva,72239
asm_Beng-mai_Deva,157351
asm_Beng-mal_Mlym,877745
asm_Beng-mar_Deva,597238
asm_Beng-npi_Deva,502924
asm_Beng-ory_Orya,601161
asm_Beng-pan_Guru,275201
asm_Beng-san_Deva,146456
asm_Beng-sat_Beng,5053
asm_Beng-sin_Sinh,330087
asm_Beng-snd_Arab,191231
asm_Beng-tam_Taml,710002
asm_Beng-tel_Telu,955571
asm_Beng-urd_Arab,574523
awa_Deva-ben_Beng,376419
awa_Deva-bho_Deva,23906
awa_Deva-eng_Latn,2198989
awa_Deva-guj_Gujr,253415
awa_Deva-hin_Deva,204743
awa_Deva-hne_Deva,17149
awa_Deva-kan_Knda,250188
awa_Deva-kas_Arab,3843
awa_Deva-kas_Deva,12185
awa_Deva-mag_Deva,13676
awa_Deva-mai_Deva,39900
awa_Deva-mal_Mlym,327347
awa_Deva-mar_Deva,182457
awa_Deva-npi_Deva,239137
awa_Deva-ory_Orya,124862
awa_Deva-pan_Guru,122744
awa_Deva-san_Deva,80318
awa_Deva-sat_Beng,3737
awa_Deva-sin_Sinh,177472
awa_Deva-snd_Arab,100425
awa_Deva-tam_Taml,388716
awa_Deva-tel_Telu,412318
awa_Deva-urd_Arab,227920
ayr_Latn-eng_Latn,1250158
ayr_Latn-spa_Latn,336982
azb_Arab-eng_Latn,7442944
azj_Latn-eng_Latn,74519429
azj_Latn-rus_Cyrl,22060883
bak_Cyrl-crh_Latn,48277
bak_Cyrl-eng_Latn,8186263
bak_Cyrl-kir_Cyrl,228480
bak_Cyrl-rus_Cyrl,2523123
bak_Cyrl-tat_Cyrl,458385
bak_Cyrl-tuk_Latn,16474
bak_Cyrl-uig_Arab,110537
bak_Cyrl-uzn_Latn,196217
bam_Latn-bem_Latn,30898
bam_Latn-cjk_Latn,14428
bam_Latn-dik_Latn,13957
bam_Latn-dyu_Latn,23483
bam_Latn-eng_Latn,180936
bam_Latn-ewe_Latn,35521
bam_Latn-fon_Latn,25524
bam_Latn-fra_Latn,307529
bam_Latn-fuv_Latn,38120
bam_Latn-gaz_Latn,30266
bam_Latn-hau_Latn,76985
bam_Latn-ibo_Latn,37302
bam_Latn-kam_Latn,12455
bam_Latn-kik_Latn,16932
bam_Latn-kin_Latn,56300
bam_Latn-kmb_Latn,13259
bam_Latn-knc_Arab,123823
bam_Latn-knc_Latn,9512
bam_Latn-kon_Latn,24662
bam_Latn-lin_Latn,32699
bam_Latn-lua_Latn,28537
bam_Latn-lug_Latn,43061
bam_Latn-luo_Latn,31406
bam_Latn-nso_Latn,34981
bam_Latn-nus_Latn,12783
bam_Latn-nya_Latn,52883
bam_Latn-run_Latn,39695
bam_Latn-sna_Latn,57466
bam_Latn-som_Latn,71328
bam_Latn-sot_Latn,48608
bam_Latn-ssw_Latn,15606
bam_Latn-swh_Latn,146216
bam_Latn-tir_Ethi,28791
bam_Latn-tsn_Latn,55244
bam_Latn-tso_Latn,41624
bam_Latn-tum_Latn,35385
bam_Latn-twi_Latn,44143
bam_Latn-umb_Latn,20037
bam_Latn-wol_Latn,20330
bam_Latn-xho_Latn,47406
bam_Latn-yor_Latn,61947
bam_Latn-zul_Latn,66613
ban_Latn-bjn_Latn,34787
ban_Latn-bug_Latn,38582
ban_Latn-ceb_Latn,105976
ban_Latn-eng_Latn,324936
ban_Latn-fij_Latn,46184
ban_Latn-ilo_Latn,80567
ban_Latn-jav_Latn,110664
ban_Latn-min_Latn,19823
ban_Latn-mri_Latn,52136
ban_Latn-pag_Latn,39883
ban_Latn-plt_Latn,98117
ban_Latn-smo_Latn,45320
ban_Latn-sun_Latn,65709
ban_Latn-war_Latn,87779
bel_Cyrl-eng_Latn,44635616
bel_Cyrl-rus_Cyrl,19519355
bem_Latn-cjk_Latn,73273
bem_Latn-dik_Latn,18134
bem_Latn-dyu_Latn,56182
bem_Latn-eng_Latn,427159
bem_Latn-ewe_Latn,169160
bem_Latn-fon_Latn,86130
bem_Latn-fra_Latn,701043
bem_Latn-fuv_Latn,48062
bem_Latn-gaz_Latn,67775
bem_Latn-hau_Latn,180646
bem_Latn-ibo_Latn,89452
bem_Latn-kam_Latn,76200
bem_Latn-kik_Latn,46655
bem_Latn-kin_Latn,197886
bem_Latn-kmb_Latn,73364
bem_Latn-knc_Arab,201919
bem_Latn-knc_Latn,12767
bem_Latn-kon_Latn,88200
bem_Latn-lin_Latn,140378
bem_Latn-lua_Latn,138899
bem_Latn-lug_Latn,120534
bem_Latn-luo_Latn,104285
bem_Latn-nso_Latn,101403
bem_Latn-nus_Latn,16278
bem_Latn-nya_Latn,224465
bem_Latn-run_Latn,208681
bem_Latn-sna_Latn,245336
bem_Latn-som_Latn,125817
bem_Latn-sot_Latn,156281
bem_Latn-ssw_Latn,55154
bem_Latn-swh_Latn,398331
bem_Latn-tir_Ethi,113617
bem_Latn-tsn_Latn,169805
bem_Latn-tso_Latn,204918
bem_Latn-tum_Latn,167288
bem_Latn-twi_Latn,182348
bem_Latn-umb_Latn,115462
bem_Latn-wol_Latn,39092
bem_Latn-xho_Latn,213174
bem_Latn-yor_Latn,123084
bem_Latn-zul_Latn,312412
ben_Beng-bho_Deva,472016
ben_Beng-eng_Latn,62006746
ben_Beng-guj_Gujr,2814718
ben_Beng-hin_Deva,3613301
ben_Beng-hne_Deva,153152
ben_Beng-kan_Knda,3992917
ben_Beng-kas_Arab,137842
ben_Beng-kas_Deva,285379
ben_Beng-mag_Deva,444745
ben_Beng-mai_Deva,747369
ben_Beng-mal_Mlym,4629176
ben_Beng-mar_Deva,3809373
ben_Beng-npi_Deva,2653167
ben_Beng-ory_Orya,2631068
ben_Beng-pan_Guru,1569683
ben_Beng-pbt_Arab,1370588
ben_Beng-san_Deva,459815
ben_Beng-sat_Beng,19605
ben_Beng-sin_Sinh,1868557
ben_Beng-snd_Arab,1085586
ben_Beng-tam_Taml,4262941
ben_Beng-tel_Telu,5189189
ben_Beng-urd_Arab,4138984
bho_Deva-eng_Latn,2432272
bho_Deva-guj_Gujr,324133
bho_Deva-hin_Deva,356278
bho_Deva-hne_Deva,27761
bho_Deva-kan_Knda,286640
bho_Deva-kas_Arab,11716
bho_Deva-kas_Deva,22742
bho_Deva-mag_Deva,33215
bho_Deva-mai_Deva,72421
bho_Deva-mal_Mlym,358573
bho_Deva-mar_Deva,253799
bho_Deva-npi_Deva,248357
bho_Deva-ory_Orya,179355
bho_Deva-pan_Guru,148832
bho_Deva-san_Deva,89859
bho_Deva-sat_Beng,3655
bho_Deva-sin_Sinh,169451
bho_Deva-snd_Arab,100070
bho_Deva-tam_Taml,361125
bho_Deva-tel_Telu,456522
bho_Deva-urd_Arab,246166
bjn_Latn-bug_Latn,27150
bjn_Latn-ceb_Latn,97558
bjn_Latn-eng_Latn,766894
bjn_Latn-fij_Latn,59704
bjn_Latn-ilo_Latn,94318
bjn_Latn-ind_Latn,1455384
bjn_Latn-jav_Latn,116244
bjn_Latn-min_Latn,25379
bjn_Latn-mri_Latn,51993
bjn_Latn-pag_Latn,35701
bjn_Latn-plt_Latn,87167
bjn_Latn-smo_Latn,50051
bjn_Latn-sun_Latn,75466
bjn_Latn-war_Latn,111221
bod_Tibt-eng_Latn,714577
bos_Latn-eng_Latn,79334034
bug_Latn-ceb_Latn,81012
bug_Latn-eng_Latn,1240098
bug_Latn-fij_Latn,35525
bug_Latn-ilo_Latn,62655
bug_Latn-jav_Latn,86621
bug_Latn-min_Latn,17025
bug_Latn-mri_Latn,40696
bug_Latn-pag_Latn,34803
bug_Latn-plt_Latn,77126
bug_Latn-smo_Latn,35175
bug_Latn-sun_Latn,53164
bug_Latn-war_Latn,64303
ceb_Latn-eng_Latn,14768997
ceb_Latn-fij_Latn,349353
ceb_Latn-ilo_Latn,607793
ceb_Latn-jav_Latn,1004751
ceb_Latn-min_Latn,97651
ceb_Latn-mri_Latn,541277
ceb_Latn-pag_Latn,269642
ceb_Latn-plt_Latn,1194754
ceb_Latn-smo_Latn,693394
ceb_Latn-sun_Latn,648932
ceb_Latn-war_Latn,710300
cjk_Latn-dik_Latn,7786
cjk_Latn-dyu_Latn,27182
cjk_Latn-eng_Latn,214973
cjk_Latn-ewe_Latn,60363
cjk_Latn-fon_Latn,37177
cjk_Latn-fra_Latn,339015
cjk_Latn-fuv_Latn,21328
cjk_Latn-gaz_Latn,38122
cjk_Latn-hau_Latn,99644
cjk_Latn-ibo_Latn,44904
cjk_Latn-kam_Latn,26491
cjk_Latn-kik_Latn,21719
cjk_Latn-kin_Latn,87961
cjk_Latn-kmb_Latn,31476
cjk_Latn-knc_Arab,165685
cjk_Latn-knc_Latn,5805
cjk_Latn-kon_Latn,41293
cjk_Latn-lin_Latn,57608
cjk_Latn-lua_Latn,52634
cjk_Latn-lug_Latn,57661
cjk_Latn-luo_Latn,43771
cjk_Latn-nso_Latn,48578
cjk_Latn-nus_Latn,6821
cjk_Latn-nya_Latn,95762
cjk_Latn-por_Latn,384916
cjk_Latn-run_Latn,79412
cjk_Latn-sna_Latn,93149
cjk_Latn-som_Latn,91215
cjk_Latn-sot_Latn,70922
cjk_Latn-ssw_Latn,24772
cjk_Latn-swh_Latn,199208
cjk_Latn-tir_Ethi,43176
cjk_Latn-tsn_Latn,76616
cjk_Latn-tso_Latn,85282
cjk_Latn-tum_Latn,63474
cjk_Latn-twi_Latn,64879
cjk_Latn-umb_Latn,45416
cjk_Latn-wol_Latn,15843
cjk_Latn-xho_Latn,82467
cjk_Latn-yor_Latn,76623
cjk_Latn-zul_Latn,127124
ckb_Arab-diq_Latn,33967
ckb_Arab-eng_Latn,9893713
ckb_Arab-kmr_Latn,124682
ckb_Arab-pbt_Arab,264640
ckb_Arab-prs_Arab,167058
ckb_Arab-tgk_Cyrl,283798
crh_Latn-eng_Latn,1934255
crh_Latn-kir_Cyrl,66004
crh_Latn-rus_Cyrl,654519
crh_Latn-tat_Cyrl,502638
crh_Latn-tuk_Latn,596
crh_Latn-uig_Arab,24563
crh_Latn-uzn_Latn,64352
cym_Latn-eng_Latn,18903019
dik_Latn-dyu_Latn,17561
dik_Latn-eng_Latn,159128
dik_Latn-ewe_Latn,28177
dik_Latn-fon_Latn,14461
dik_Latn-fra_Latn,262847
dik_Latn-fuv_Latn,38360
dik_Latn-gaz_Latn,18728
dik_Latn-hau_Latn,51120
dik_Latn-ibo_Latn,30769
dik_Latn-kam_Latn,6936
dik_Latn-kik_Latn,13013
dik_Latn-kin_Latn,39196
dik_Latn-kmb_Latn,6351
dik_Latn-knc_Arab,62530
dik_Latn-knc_Latn,9200
dik_Latn-kon_Latn,17192
dik_Latn-lin_Latn,22370
dik_Latn-lua_Latn,17998
dik_Latn-lug_Latn,31116
dik_Latn-luo_Latn,25675
dik_Latn-nso_Latn,21424
dik_Latn-nus_Latn,13896
dik_Latn-nya_Latn,40701
dik_Latn-run_Latn,24413
dik_Latn-sna_Latn,41412
dik_Latn-som_Latn,47951
dik_Latn-sot_Latn,32604
dik_Latn-ssw_Latn,9824
dik_Latn-swh_Latn,106278
dik_Latn-tir_Ethi,26547
dik_Latn-tsn_Latn,40960
dik_Latn-tso_Latn,26142
dik_Latn-tum_Latn,23524
dik_Latn-twi_Latn,34672
dik_Latn-umb_Latn,11337
dik_Latn-wol_Latn,25725
dik_Latn-xho_Latn,35685
dik_Latn-yor_Latn,49992
dik_Latn-zul_Latn,43842
diq_Latn-eng_Latn,851967
diq_Latn-kmr_Latn,13694
diq_Latn-pbt_Arab,15088
diq_Latn-prs_Arab,9552
diq_Latn-tgk_Cyrl,13549
dyu_Latn-eng_Latn,286391
dyu_Latn-ewe_Latn,70901
dyu_Latn-fon_Latn,41426
dyu_Latn-fra_Latn,369450
dyu_Latn-fuv_Latn,32888
dyu_Latn-gaz_Latn,45728
dyu_Latn-hau_Latn,130406
dyu_Latn-ibo_Latn,63642
dyu_Latn-kam_Latn,22901
dyu_Latn-kik_Latn,34322
dyu_Latn-kin_Latn,102925
dyu_Latn-kmb_Latn,25167
dyu_Latn-knc_Arab,163885
dyu_Latn-knc_Latn,8138
dyu_Latn-kon_Latn,42986
dyu_Latn-lin_Latn,57764
dyu_Latn-lua_Latn,50227
dyu_Latn-lug_Latn,77324
dyu_Latn-luo_Latn,64153
dyu_Latn-nso_Latn,65221
dyu_Latn-nus_Latn,14363
dyu_Latn-nya_Latn,100921
dyu_Latn-run_Latn,72663
dyu_Latn-sna_Latn,111253
dyu_Latn-som_Latn,112861
dyu_Latn-sot_Latn,87508
dyu_Latn-ssw_Latn,28528
dyu_Latn-swh_Latn,242778
dyu_Latn-tir_Ethi,55864
dyu_Latn-tsn_Latn,94328
dyu_Latn-tso_Latn,82077
dyu_Latn-tum_Latn,69174
dyu_Latn-twi_Latn,82986
dyu_Latn-umb_Latn,37912
dyu_Latn-wol_Latn,33194
dyu_Latn-xho_Latn,88194
dyu_Latn-yor_Latn,102291
dyu_Latn-zul_Latn,124555
dzo_Tibt-eng_Latn,56441
eng_Latn-als_Latn,69172136
eng_Latn-epo_Latn,62799356
eng_Latn-ewe_Latn,4408020
eng_Latn-fao_Latn,2863780
eng_Latn-fij_Latn,3853997
eng_Latn-fon_Latn,1915549
eng_Latn-fur_Latn,926759
eng_Latn-fuv_Latn,1511026
eng_Latn-gaz_Latn,3232513
eng_Latn-gla_Latn,6749483
eng_Latn-gle_Latn,22535598
eng_Latn-grn_Latn,2959122
eng_Latn-guj_Gujr,39226918
eng_Latn-hat_Latn,15105145
eng_Latn-hau_Latn,2378970
eng_Latn-hin_Deva,33193629
eng_Latn-hne_Deva,640944
eng_Latn-hye_Armn,15256730
eng_Latn-ibo_Latn,6110033
eng_Latn-ilo_Latn,1041937
eng_Latn-jav_Latn,16948924
eng_Latn-kab_Latn,4123481
eng_Latn-kac_Latn,1003100
eng_Latn-kam_Latn,1628889
eng_Latn-kan_Knda,34347151
eng_Latn-kas_Arab,647348
eng_Latn-kas_Deva,1042450
eng_Latn-kat_Geor,11128369
eng_Latn-kaz_Cyrl,34589761
eng_Latn-kbp_Latn,1592255
eng_Latn-kea_Latn,1229409
eng_Latn-khk_Cyrl,16503173
eng_Latn-khm_Khmr,5863140
eng_Latn-kik_Latn,2200620
eng_Latn-kin_Latn,10080672
eng_Latn-kir_Cyrl,21360637
eng_Latn-kmb_Latn,196240
eng_Latn-kmr_Latn,1015966
eng_Latn-knc_Arab,1571840
eng_Latn-knc_Latn,99722
eng_Latn-kon_Latn,2228382
eng_Latn-lao_Laoo,4170013
eng_Latn-lij_Latn,1109791
eng_Latn-lim_Latn,4312886
eng_Latn-lin_Latn,2910355
eng_Latn-lmo_Latn,8725803
eng_Latn-ltg_Latn,131492
eng_Latn-ltz_Latn,12765998
eng_Latn-lua_Latn,2444525
eng_Latn-lug_Latn,3560449
eng_Latn-luo_Latn,2825281
eng_Latn-lus_Latn,6979898
eng_Latn-mag_Deva,2221386
eng_Latn-mai_Deva,4438382
eng_Latn-mal_Mlym,43759128
eng_Latn-mar_Deva,32051554
eng_Latn-min_Latn,301972
eng_Latn-mlt_Latn,14798113
eng_Latn-mni_Beng,490089
eng_Latn-mos_Latn,2197850
eng_Latn-mri_Latn,5801579
eng_Latn-mya_Mymr,10014948
eng_Latn-npi_Deva,19643845
eng_Latn-nso_Latn,3444258
eng_Latn-nus_Latn,1200819
eng_Latn-nya_Latn,1528869
eng_Latn-ory_Orya,13733205
eng_Latn-pag_Latn,3357840
eng_Latn-pan_Guru,11123768
eng_Latn-pap_Latn,15233890
eng_Latn-pbt_Arab,11348028
eng_Latn-plt_Latn,2334623
eng_Latn-prs_Arab,6294181
eng_Latn-quy_Latn,2874090
eng_Latn-run_Latn,771521
eng_Latn-sag_Latn,3607439
eng_Latn-san_Deva,3095396
eng_Latn-sat_Beng,78625
eng_Latn-scn_Latn,1081817
eng_Latn-shn_Mymr,646442
eng_Latn-sin_Sinh,24336367
eng_Latn-smo_Latn,6432856
eng_Latn-sna_Latn,9322192
eng_Latn-snd_Arab,8924699
eng_Latn-som_Latn,10229073
eng_Latn-sot_Latn,1377570
eng_Latn-srd_Latn,1309171
eng_Latn-ssw_Latn,222012
eng_Latn-sun_Latn,11779642
eng_Latn-swh_Latn,23513175
eng_Latn-szl_Latn,1768541
eng_Latn-tam_Taml,42588178
eng_Latn-taq_Latn,450220
eng_Latn-tat_Cyrl,10495969
eng_Latn-tel_Telu,46376267
eng_Latn-tgk_Cyrl,13253566
eng_Latn-tgl_Latn,63581148
eng_Latn-tir_Ethi,1398173
eng_Latn-tpi_Latn,2163376
eng_Latn-tsn_Latn,6272749
eng_Latn-tso_Latn,685309
eng_Latn-tuk_Latn,327408
eng_Latn-tum_Latn,651508
eng_Latn-twi_Latn,4037214
eng_Latn-tzm_Tfng,212768
eng_Latn-uig_Arab,9846570
eng_Latn-umb_Latn,298089
eng_Latn-urd_Arab,25377417
eng_Latn-uzn_Latn,30983866
eng_Latn-vec_Latn,4964781
eng_Latn-war_Latn,9656999
eng_Latn-wol_Latn,1460420
eng_Latn-xho_Latn,8765669
eng_Latn-ydd_Hebr,7469712
eng_Latn-yor_Latn,1506704
eng_Latn-zho_Hant,11979570
eng_Latn-zsm_Latn,56832366
eng_Latn-zul_Latn,4593922
epo_Latn-fra_Latn,17449108
ewe_Latn-fon_Latn,78389
ewe_Latn-fra_Latn,1039385
ewe_Latn-fuv_Latn,78098
ewe_Latn-gaz_Latn,74473
ewe_Latn-hau_Latn,204932
ewe_Latn-ibo_Latn,117699
ewe_Latn-kam_Latn,64762
ewe_Latn-kik_Latn,61576
ewe_Latn-kin_Latn,210356
ewe_Latn-kmb_Latn,62600
ewe_Latn-knc_Arab,175191
ewe_Latn-knc_Latn,10889
ewe_Latn-kon_Latn,104677
ewe_Latn-lin_Latn,137272
ewe_Latn-lua_Latn,135213
ewe_Latn-lug_Latn,139117
ewe_Latn-luo_Latn,117795
ewe_Latn-nso_Latn,111573
ewe_Latn-nus_Latn,21245
ewe_Latn-nya_Latn,285213
ewe_Latn-run_Latn,197510
ewe_Latn-sna_Latn,281405
ewe_Latn-som_Latn,174327
ewe_Latn-sot_Latn,188972
ewe_Latn-ssw_Latn,53779
ewe_Latn-swh_Latn,515756
ewe_Latn-tir_Ethi,153184
ewe_Latn-tsn_Latn,227661
ewe_Latn-tso_Latn,237451
ewe_Latn-tum_Latn,178779
ewe_Latn-twi_Latn,215252
ewe_Latn-umb_Latn,106645
ewe_Latn-wol_Latn,54684
ewe_Latn-xho_Latn,237405
ewe_Latn-yor_Latn,167046
ewe_Latn-zul_Latn,344558
fij_Latn-hin_Deva,277653
fij_Latn-ilo_Latn,206673
fij_Latn-jav_Latn,224932
fij_Latn-min_Latn,55217
fij_Latn-mri_Latn,119693
fij_Latn-pag_Latn,134678
fij_Latn-plt_Latn,298957
fij_Latn-smo_Latn,183509
fij_Latn-sun_Latn,146042
fij_Latn-war_Latn,183497
fon_Latn-fra_Latn,504704
fon_Latn-fuv_Latn,81491
fon_Latn-gaz_Latn,50665
fon_Latn-hau_Latn,103601
fon_Latn-ibo_Latn,55155
fon_Latn-kam_Latn,35955
fon_Latn-kik_Latn,34694
fon_Latn-kin_Latn,105316
fon_Latn-kmb_Latn,44269
fon_Latn-knc_Arab,113851
fon_Latn-knc_Latn,9281
fon_Latn-kon_Latn,57877
fon_Latn-lin_Latn,69800
fon_Latn-lua_Latn,62286
fon_Latn-lug_Latn,64936
fon_Latn-luo_Latn,56576
fon_Latn-nso_Latn,58696
fon_Latn-nus_Latn,12128
fon_Latn-nya_Latn,131151
fon_Latn-run_Latn,89002
fon_Latn-sna_Latn,119304
fon_Latn-som_Latn,108292
fon_Latn-sot_Latn,97389
fon_Latn-ssw_Latn,31019
fon_Latn-swh_Latn,260363
fon_Latn-tir_Ethi,59562
fon_Latn-tsn_Latn,100104
fon_Latn-tso_Latn,97374
fon_Latn-tum_Latn,73794
fon_Latn-twi_Latn,87199
fon_Latn-umb_Latn,56632
fon_Latn-wol_Latn,23879
fon_Latn-xho_Latn,90621
fon_Latn-yor_Latn,83416
fon_Latn-zul_Latn,137778
fra_Latn-fuv_Latn,701148
fra_Latn-gaz_Latn,815970
fra_Latn-glg_Latn,23737208
fra_Latn-hat_Latn,3983776
fra_Latn-hau_Latn,3516701
fra_Latn-ibo_Latn,1372649
fra_Latn-kab_Latn,1031705
fra_Latn-kam_Latn,400051
fra_Latn-kik_Latn,456349
fra_Latn-kin_Latn,2661167
fra_Latn-kmb_Latn,314211
fra_Latn-knc_Arab,2894714
fra_Latn-knc_Latn,185709
fra_Latn-kon_Latn,501059
fra_Latn-lin_Latn,691883
fra_Latn-ltz_Latn,3662444
fra_Latn-lua_Latn,592536
fra_Latn-lug_Latn,800126
fra_Latn-luo_Latn,610028
fra_Latn-nso_Latn,768898
fra_Latn-nus_Latn,212172
fra_Latn-nya_Latn,2496418
fra_Latn-oci_Latn,9328510
fra_Latn-plt_Latn,3631066
fra_Latn-run_Latn,1262726
fra_Latn-sag_Latn,1012690
fra_Latn-scn_Latn,1753709
fra_Latn-sna_Latn,2262229
fra_Latn-som_Latn,2818394
fra_Latn-sot_Latn,2292438
fra_Latn-ssw_Latn,349012
fra_Latn-swh_Latn,5648516
fra_Latn-tir_Ethi,1101376
fra_Latn-tsn_Latn,1430317
fra_Latn-tso_Latn,1005252
fra_Latn-tum_Latn,969488
fra_Latn-twi_Latn,935134
fra_Latn-tzm_Tfng,177742
fra_Latn-umb_Latn,472573
fra_Latn-wol_Latn,376455
fra_Latn-xho_Latn,2192724
fra_Latn-yor_Latn,2646732
fra_Latn-zul_Latn,3616626
fuv_Latn-gaz_Latn,92794
fuv_Latn-hau_Latn,269335
fuv_Latn-ibo_Latn,111376
fuv_Latn-kam_Latn,14631
fuv_Latn-kik_Latn,27116
fuv_Latn-kin_Latn,220054
fuv_Latn-kmb_Latn,19094
fuv_Latn-knc_Arab,518827
fuv_Latn-knc_Latn,24870
fuv_Latn-kon_Latn,34996
fuv_Latn-lin_Latn,50170
fuv_Latn-lua_Latn,40712
fuv_Latn-lug_Latn,91894
fuv_Latn-luo_Latn,55195
fuv_Latn-nso_Latn,55965
fuv_Latn-nus_Latn,25702
fuv_Latn-nya_Latn,220801
fuv_Latn-run_Latn,80036
fuv_Latn-sna_Latn,122877
fuv_Latn-som_Latn,240563
fuv_Latn-sot_Latn,100582
fuv_Latn-ssw_Latn,30447
fuv_Latn-swh_Latn,323993
fuv_Latn-tir_Ethi,124029
fuv_Latn-tsn_Latn,88945
fuv_Latn-tso_Latn,67239
fuv_Latn-tum_Latn,60296
fuv_Latn-twi_Latn,77858
fuv_Latn-umb_Latn,30013
fuv_Latn-wol_Latn,46967
fuv_Latn-xho_Latn,167072
fuv_Latn-yor_Latn,374873
fuv_Latn-zul_Latn,197504
gaz_Latn-run_Latn,91889
gaz_Latn-sna_Latn,102932
gaz_Latn-som_Latn,88097
gaz_Latn-sot_Latn,110772
gaz_Latn-ssw_Latn,38006
gaz_Latn-swh_Latn,205236
gaz_Latn-tir_Ethi,58814
gaz_Latn-tsn_Latn,110031
gaz_Latn-tso_Latn,91347
gaz_Latn-tum_Latn,73849
gaz_Latn-twi_Latn,100171
gaz_Latn-umb_Latn,48783
gaz_Latn-wol_Latn,38907
gaz_Latn-xho_Latn,104058
gaz_Latn-yor_Latn,84295
gaz_Latn-zul_Latn,120891
glg_Latn-por_Latn,89282076
grn_Latn-por_Latn,684883
guj_Gujr-hin_Deva,1069737
guj_Gujr-hne_Deva,70274
guj_Gujr-kan_Knda,8743438
guj_Gujr-kas_Arab,72834
guj_Gujr-kas_Deva,130731
guj_Gujr-mag_Deva,289867
guj_Gujr-mai_Deva,432867
guj_Gujr-mal_Mlym,5133672
guj_Gujr-mar_Deva,3626971
guj_Gujr-npi_Deva,1538746
guj_Gujr-ory_Orya,1998345
guj_Gujr-pan_Guru,1135070
guj_Gujr-san_Deva,276708
guj_Gujr-sat_Beng,4134
guj_Gujr-sin_Sinh,906270
guj_Gujr-snd_Arab,695534
guj_Gujr-tam_Taml,2253566
guj_Gujr-tel_Telu,8921379
guj_Gujr-urd_Arab,2649127
hau_Latn-gaz_Latn,118255
hau_Latn-ibo_Latn,713539
hau_Latn-kam_Latn,100301
hau_Latn-kik_Latn,114669
hau_Latn-kin_Latn,340233
hau_Latn-kmb_Latn,95341
hau_Latn-knc_Arab,181060
hau_Latn-knc_Latn,25770
hau_Latn-kon_Latn,135595
hau_Latn-lin_Latn,172584
hau_Latn-lua_Latn,145716
hau_Latn-lug_Latn,183010
hau_Latn-luo_Latn,163061
hau_Latn-nso_Latn,181280
hau_Latn-nus_Latn,47684
hau_Latn-nya_Latn,1185730
hau_Latn-run_Latn,261554
hau_Latn-sna_Latn,829704
hau_Latn-som_Latn,530058
hau_Latn-sot_Latn,840292
hau_Latn-ssw_Latn,89952
hau_Latn-swh_Latn,956076
hau_Latn-tir_Ethi,170394
hau_Latn-tsn_Latn,294987
hau_Latn-tso_Latn,249927
hau_Latn-tum_Latn,260765
hau_Latn-twi_Latn,212496
hau_Latn-umb_Latn,123040
hau_Latn-wol_Latn,77051
hau_Latn-xho_Latn,627717
hau_Latn-yor_Latn,795564
hau_Latn-zul_Latn,964409
hin_Deva-hne_Deva,83150
hin_Deva-kan_Knda,1793895
hin_Deva-kas_Arab,85765
hin_Deva-kas_Deva,209584
hin_Deva-mag_Deva,327993
hin_Deva-mai_Deva,550300
hin_Deva-mal_Mlym,1866121
hin_Deva-mar_Deva,1953635
hin_Deva-npi_Deva,1297400
hin_Deva-ory_Orya,1258344
hin_Deva-pan_Guru,816616
hin_Deva-pbt_Arab,285406
hin_Deva-san_Deva,322714
hin_Deva-sat_Beng,5384
hin_Deva-sin_Sinh,714782
hin_Deva-snd_Arab,476053
hin_Deva-tam_Taml,1866301
hin_Deva-tel_Telu,2262867
hin_Deva-urd_Arab,2324291
hne_Deva-kan_Knda,98063
hne_Deva-kas_Arab,9674
hne_Deva-kas_Deva,16005
hne_Deva-mag_Deva,20505
hne_Deva-mai_Deva,28821
hne_Deva-mal_Mlym,112558
hne_Deva-mar_Deva,85082
hne_Deva-npi_Deva,103219
hne_Deva-ory_Orya,62421
hne_Deva-pan_Guru,32264
hne_Deva-san_Deva,51821
hne_Deva-sat_Beng,602
hne_Deva-sin_Sinh,60049
hne_Deva-snd_Arab,38588
hne_Deva-tam_Taml,143808
hne_Deva-tel_Telu,146734
hne_Deva-urd_Arab,97842
hye_Armn-rus_Cyrl,4641289
ibo_Latn-gaz_Latn,63492
ibo_Latn-kam_Latn,41429
ibo_Latn-kik_Latn,55141
ibo_Latn-kin_Latn,181304
ibo_Latn-kmb_Latn,39828
ibo_Latn-knc_Arab,121321
ibo_Latn-knc_Latn,14793
ibo_Latn-kon_Latn,68066
ibo_Latn-lin_Latn,93766
ibo_Latn-lua_Latn,77451
ibo_Latn-lug_Latn,111322
ibo_Latn-luo_Latn,91359
ibo_Latn-nso_Latn,102943
ibo_Latn-nus_Latn,24786
ibo_Latn-nya_Latn,529822
ibo_Latn-run_Latn,134613
ibo_Latn-sna_Latn,498036
ibo_Latn-som_Latn,379753
ibo_Latn-sot_Latn,510008
ibo_Latn-ssw_Latn,49075
ibo_Latn-swh_Latn,536881
ibo_Latn-tir_Ethi,101632
ibo_Latn-tsn_Latn,159643
ibo_Latn-tso_Latn,131392
ibo_Latn-tum_Latn,133589
ibo_Latn-twi_Latn,127455
ibo_Latn-umb_Latn,58531
ibo_Latn-wol_Latn,50187
ibo_Latn-xho_Latn,356544
ibo_Latn-yor_Latn,414643
ibo_Latn-zul_Latn,609149
ilo_Latn-jav_Latn,351711
ilo_Latn-min_Latn,103557
ilo_Latn-mri_Latn,146595
ilo_Latn-pag_Latn,255060
ilo_Latn-plt_Latn,454663
ilo_Latn-smo_Latn,221999
ilo_Latn-sun_Latn,212276
ilo_Latn-war_Latn,421819
ind_Latn-ace_Latn,1454976
ind_Latn-ban_Latn,732976
ind_Latn-jav_Latn,1929462
ind_Latn-khm_Khmr,5006918
ind_Latn-lao_Laoo,2249990
ind_Latn-min_Latn,1466998
ind_Latn-mya_Mymr,4181029
ind_Latn-shn_Mymr,246635
ind_Latn-sun_Latn,3029624
jav_Latn-min_Latn,87422
jav_Latn-mri_Latn,495292
jav_Latn-pag_Latn,160875
jav_Latn-plt_Latn,1120181
jav_Latn-smo_Latn,623784
jav_Latn-sun_Latn,933046
jav_Latn-war_Latn,444992
kam_Latn-gaz_Latn,37902
kam_Latn-kik_Latn,18711
kam_Latn-kin_Latn,74997
kam_Latn-kmb_Latn,27811
kam_Latn-knc_Arab,172819
kam_Latn-knc_Latn,5311
kam_Latn-kon_Latn,35726
kam_Latn-lin_Latn,50317
kam_Latn-lua_Latn,54670
kam_Latn-lug_Latn,53058
kam_Latn-luo_Latn,39299
kam_Latn-nso_Latn,37846
kam_Latn-nus_Latn,6081
kam_Latn-nya_Latn,92690
kam_Latn-run_Latn,72991
kam_Latn-sna_Latn,94694
kam_Latn-som_Latn,87143
kam_Latn-sot_Latn,64088
kam_Latn-ssw_Latn,18509
kam_Latn-swh_Latn,223368
kam_Latn-tir_Ethi,48413
kam_Latn-tsn_Latn,71382
kam_Latn-tso_Latn,75284
kam_Latn-tum_Latn,63077
kam_Latn-twi_Latn,67883
kam_Latn-umb_Latn,41134
kam_Latn-wol_Latn,13110
kam_Latn-xho_Latn,81623
kam_Latn-yor_Latn,71526
kam_Latn-zul_Latn,121894
kan_Knda-kas_Arab,72584
kan_Knda-kas_Deva,144894
kan_Knda-mag_Deva,281578
kan_Knda-mai_Deva,460928
kan_Knda-mal_Mlym,8495020
kan_Knda-mar_Deva,4376180
kan_Knda-npi_Deva,1912733
kan_Knda-ory_Orya,2388686
kan_Knda-pan_Guru,1414792
kan_Knda-san_Deva,278348
kan_Knda-sat_Beng,9762
kan_Knda-sin_Sinh,1402838
kan_Knda-snd_Arab,935841
kan_Knda-tam_Taml,3448817
kan_Knda-tel_Telu,13466384
kan_Knda-urd_Arab,2741837
kas_Arab-kas_Deva,11087
kas_Arab-mag_Deva,11234
kas_Arab-mai_Deva,16081
kas_Arab-mal_Mlym,90354
kas_Arab-mar_Deva,57996
kas_Arab-npi_Deva,63436
kas_Arab-ory_Orya,34776
kas_Arab-pan_Guru,32060
kas_Arab-san_Deva,25099
kas_Arab-sat_Beng,1478
kas_Arab-sin_Sinh,46883
kas_Arab-snd_Arab,34211
kas_Arab-tam_Taml,95229
kas_Arab-tel_Telu,115435
kas_Arab-urd_Arab,118026
kas_Deva-mag_Deva,20758
kas_Deva-mai_Deva,45652
kas_Deva-mal_Mlym,177217
kas_Deva-mar_Deva,127425
kas_Deva-npi_Deva,134731
kas_Deva-ory_Orya,72694
kas_Deva-pan_Guru,65824
kas_Deva-san_Deva,66889
kas_Deva-sat_Beng,2135
kas_Deva-sin_Sinh,88921
kas_Deva-snd_Arab,53265
kas_Deva-tam_Taml,179188
kas_Deva-tel_Telu,230286
kas_Deva-urd_Arab,147967
kat_Geor-rus_Cyrl,2934601
kea_Latn-por_Latn,259657
kik_Latn-gaz_Latn,40833
kik_Latn-kin_Latn,84433
kik_Latn-kmb_Latn,20074
kik_Latn-kon_Latn,35481
kik_Latn-lin_Latn,45462
kik_Latn-lua_Latn,40693
kik_Latn-lug_Latn,68172
kik_Latn-luo_Latn,45200
kik_Latn-nso_Latn,50865
kik_Latn-nus_Latn,10916
kik_Latn-nya_Latn,86651
kik_Latn-run_Latn,59660
kik_Latn-sna_Latn,87949
kik_Latn-som_Latn,93562
kik_Latn-sot_Latn,73204
kik_Latn-ssw_Latn,24267
kik_Latn-swh_Latn,219559
kik_Latn-tir_Ethi,51429
kik_Latn-tsn_Latn,77638
kik_Latn-tso_Latn,66196
kik_Latn-tum_Latn,54854
kik_Latn-twi_Latn,73017
kik_Latn-umb_Latn,29453
kik_Latn-wol_Latn,26654
kik_Latn-xho_Latn,74796
kik_Latn-yor_Latn,90165
kik_Latn-zul_Latn,106379
kin_Latn-gaz_Latn,113822
kin_Latn-kmb_Latn,84215
kin_Latn-kon_Latn,115905
kin_Latn-lin_Latn,210704
kin_Latn-lua_Latn,149702
kin_Latn-lug_Latn,192894
kin_Latn-luo_Latn,158976
kin_Latn-nso_Latn,215097
kin_Latn-nus_Latn,31429
kin_Latn-nya_Latn,390897
kin_Latn-run_Latn,482377
kin_Latn-sna_Latn,388329
kin_Latn-som_Latn,268324
kin_Latn-sot_Latn,346122
kin_Latn-ssw_Latn,98826
kin_Latn-swh_Latn,745958
kin_Latn-tir_Ethi,163191
kin_Latn-tsn_Latn,282261
kin_Latn-tso_Latn,332229
kin_Latn-tum_Latn,218922
kin_Latn-twi_Latn,230016
kin_Latn-umb_Latn,122920
kin_Latn-wol_Latn,68002
kin_Latn-xho_Latn,366850
kin_Latn-yor_Latn,229031
kin_Latn-zul_Latn,546206
kir_Cyrl-rus_Cyrl,5991868
kir_Cyrl-tat_Cyrl,520026
kir_Cyrl-tuk_Latn,15863
kir_Cyrl-uig_Arab,134776
kir_Cyrl-uzn_Latn,718643
kmb_Latn-gaz_Latn,34479
kmb_Latn-kon_Latn,44692
kmb_Latn-lin_Latn,59358
kmb_Latn-lua_Latn,56778
kmb_Latn-lug_Latn,53011
kmb_Latn-luo_Latn,41780
kmb_Latn-nso_Latn,44774
kmb_Latn-nus_Latn,6053
kmb_Latn-nya_Latn,96058
kmb_Latn-por_Latn,311135
kmb_Latn-run_Latn,75678
kmb_Latn-sna_Latn,90586
kmb_Latn-som_Latn,90883
kmb_Latn-sot_Latn,66548
kmb_Latn-ssw_Latn,21334
kmb_Latn-swh_Latn,198165
kmb_Latn-tir_Ethi,40798
kmb_Latn-tsn_Latn,77646
kmb_Latn-tso_Latn,90272
kmb_Latn-tum_Latn,63791
kmb_Latn-twi_Latn,69333
kmb_Latn-umb_Latn,47912
kmb_Latn-wol_Latn,13730
kmb_Latn-xho_Latn,83018
kmb_Latn-yor_Latn,69194
kmb_Latn-zul_Latn,126319
kmr_Latn-pbt_Arab,118451
kmr_Latn-prs_Arab,43865
kmr_Latn-tgk_Cyrl,133941
knc_Arab-gaz_Latn,106732
knc_Arab-kik_Latn,118503
knc_Arab-kin_Latn,236181
knc_Arab-kmb_Latn,195805
knc_Arab-knc_Latn,26805
knc_Arab-kon_Latn,98115
knc_Arab-lin_Latn,230649
knc_Arab-lua_Latn,149418
knc_Arab-lug_Latn,103565
knc_Arab-luo_Latn,172456
knc_Arab-nso_Latn,226349
knc_Arab-nus_Latn,67420
knc_Arab-nya_Latn,330514
knc_Arab-run_Latn,260513
knc_Arab-sna_Latn,294766
knc_Arab-som_Latn,169891
knc_Arab-sot_Latn,381238
knc_Arab-ssw_Latn,94926
knc_Arab-swh_Latn,501916
knc_Arab-tir_Ethi,165317
knc_Arab-tsn_Latn,212007
knc_Arab-tso_Latn,272383
knc_Arab-tum_Latn,183235
knc_Arab-twi_Latn,178435
knc_Arab-umb_Latn,148775
knc_Arab-wol_Latn,51769
knc_Arab-xho_Latn,235077
knc_Arab-yor_Latn,130251
knc_Arab-zul_Latn,279494
knc_Latn-gaz_Latn,15243
knc_Latn-kik_Latn,7260
knc_Latn-kin_Latn,19674
knc_Latn-kmb_Latn,5128
knc_Latn-kon_Latn,11405
knc_Latn-lin_Latn,10359
knc_Latn-lua_Latn,10507
knc_Latn-lug_Latn,16336
knc_Latn-luo_Latn,9615
knc_Latn-nso_Latn,15631
knc_Latn-nus_Latn,7302
knc_Latn-nya_Latn,17562
knc_Latn-run_Latn,13512
knc_Latn-sna_Latn,17785
knc_Latn-som_Latn,26224
knc_Latn-sot_Latn,17024
knc_Latn-ssw_Latn,7599
knc_Latn-swh_Latn,55389
knc_Latn-tir_Ethi,7571
knc_Latn-tsn_Latn,25789
knc_Latn-tso_Latn,12726
knc_Latn-tum_Latn,11355
knc_Latn-twi_Latn,14288
knc_Latn-umb_Latn,7778
knc_Latn-wol_Latn,8752
knc_Latn-xho_Latn,17164
knc_Latn-yor_Latn,25208
knc_Latn-zul_Latn,21636
kon_Latn-gaz_Latn,50122
kon_Latn-lin_Latn,85011
kon_Latn-lua_Latn,84850
kon_Latn-lug_Latn,86976
kon_Latn-luo_Latn,65817
kon_Latn-nso_Latn,70821
kon_Latn-nus_Latn,15327
kon_Latn-nya_Latn,125181
kon_Latn-run_Latn,99480
kon_Latn-sna_Latn,127296
kon_Latn-som_Latn,96579
kon_Latn-sot_Latn,100456
kon_Latn-ssw_Latn,34683
kon_Latn-swh_Latn,234895
kon_Latn-tir_Ethi,69626
kon_Latn-tsn_Latn,124614
kon_Latn-tso_Latn,114900
kon_Latn-tum_Latn,93758
kon_Latn-twi_Latn,117793
kon_Latn-umb_Latn,58711
kon_Latn-wol_Latn,33175
kon_Latn-xho_Latn,113621
kon_Latn-yor_Latn,126345
kon_Latn-zul_Latn,155908
lao_Laoo-rus_Cyrl,1033025
lin_Latn-gaz_Latn,66262
lin_Latn-lua_Latn,107460
lin_Latn-lug_Latn,111492
lin_Latn-luo_Latn,94876
lin_Latn-nso_Latn,112597
lin_Latn-nus_Latn,18098
lin_Latn-nya_Latn,220080
lin_Latn-run_Latn,180158
lin_Latn-sna_Latn,203471
lin_Latn-som_Latn,138569
lin_Latn-sot_Latn,168124
lin_Latn-ssw_Latn,55264
lin_Latn-swh_Latn,391897
lin_Latn-tir_Ethi,97832
lin_Latn-tsn_Latn,170337
lin_Latn-tso_Latn,200871
lin_Latn-tum_Latn,129185
lin_Latn-twi_Latn,150224
lin_Latn-umb_Latn,86575
lin_Latn-wol_Latn,41809
lin_Latn-xho_Latn,209554
lin_Latn-yor_Latn,146710
lin_Latn-zul_Latn,285794
ltg_Latn-rus_Cyrl,251128
lua_Latn-gaz_Latn,59736
lua_Latn-lug_Latn,102198
lua_Latn-luo_Latn,80102
lua_Latn-nso_Latn,72567
lua_Latn-nus_Latn,15859
lua_Latn-nya_Latn,190951
lua_Latn-run_Latn,148766
lua_Latn-sna_Latn,184707
lua_Latn-som_Latn,106388
lua_Latn-sot_Latn,117287
lua_Latn-ssw_Latn,38644
lua_Latn-swh_Latn,336562
lua_Latn-tir_Ethi,107491
lua_Latn-tsn_Latn,137286
lua_Latn-tso_Latn,151795
lua_Latn-tum_Latn,138246
lua_Latn-twi_Latn,136052
lua_Latn-umb_Latn,86451
lua_Latn-wol_Latn,33657
lua_Latn-xho_Latn,154933
lua_Latn-yor_Latn,101642
lua_Latn-zul_Latn,232275
lug_Latn-gaz_Latn,71187
lug_Latn-luo_Latn,107340
lug_Latn-nso_Latn,115301
lug_Latn-nus_Latn,29008
lug_Latn-nya_Latn,187292
lug_Latn-run_Latn,151680
lug_Latn-sna_Latn,201678
lug_Latn-som_Latn,139227
lug_Latn-sot_Latn,167726
lug_Latn-ssw_Latn,57049
lug_Latn-swh_Latn,334135
lug_Latn-tir_Ethi,101857
lug_Latn-tsn_Latn,183013
lug_Latn-tso_Latn,156337
lug_Latn-tum_Latn,143005
lug_Latn-twi_Latn,156867
lug_Latn-umb_Latn,76417
lug_Latn-wol_Latn,49136
lug_Latn-xho_Latn,158308
lug_Latn-yor_Latn,147769
lug_Latn-zul_Latn,221470
luo_Latn-gaz_Latn,52856
luo_Latn-nso_Latn,91287
luo_Latn-nus_Latn,21105
luo_Latn-nya_Latn,167197
luo_Latn-run_Latn,123408
luo_Latn-sna_Latn,205906
luo_Latn-som_Latn,128471
luo_Latn-sot_Latn,127356
luo_Latn-ssw_Latn,41578
luo_Latn-swh_Latn,327287
luo_Latn-tir_Ethi,89308
luo_Latn-tsn_Latn,137473
luo_Latn-tso_Latn,136309
luo_Latn-tum_Latn,108911
luo_Latn-twi_Latn,127462
luo_Latn-umb_Latn,68983
luo_Latn-wol_Latn,43719
luo_Latn-xho_Latn,145848
luo_Latn-yor_Latn,125655
luo_Latn-zul_Latn,214434
mag_Deva-mai_Deva,53848
mag_Deva-mal_Mlym,366386
mag_Deva-mar_Deva,218138
mag_Deva-npi_Deva,269701
mag_Deva-ory_Orya,147253
mag_Deva-pan_Guru,117162
mag_Deva-san_Deva,91386
mag_Deva-sat_Beng,2728
mag_Deva-sin_Sinh,195132
mag_Deva-snd_Arab,109735
mag_Deva-tam_Taml,378651
mag_Deva-tel_Telu,435100
mag_Deva-urd_Arab,254277
mai_Deva-mal_Mlym,571598
mai_Deva-mar_Deva,425245
mai_Deva-npi_Deva,562417
mai_Deva-ory_Orya,290843
mai_Deva-pan_Guru,207074
mai_Deva-san_Deva,169913
mai_Deva-sat_Beng,4862
mai_Deva-sin_Sinh,319386
mai_Deva-snd_Arab,195028
mai_Deva-tam_Taml,613136
mai_Deva-tel_Telu,682238
mai_Deva-urd_Arab,423475
mal_Mlym-mar_Deva,4506945
mal_Mlym-npi_Deva,1875772
mal_Mlym-ory_Orya,2685589
mal_Mlym-pan_Guru,1227142
mal_Mlym-san_Deva,310232
mal_Mlym-sat_Beng,10890
mal_Mlym-sin_Sinh,1661622
mal_Mlym-snd_Arab,882394
mal_Mlym-tam_Taml,3705349
mal_Mlym-tel_Telu,8805730
mal_Mlym-urd_Arab,2878563
mar_Deva-npi_Deva,1713034
mar_Deva-ory_Orya,1940217
mar_Deva-pan_Guru,1025942
mar_Deva-san_Deva,297972
mar_Deva-sat_Beng,11973
mar_Deva-sin_Sinh,1258447
mar_Deva-snd_Arab,691981
mar_Deva-tam_Taml,2552484
mar_Deva-tel_Telu,5227067
mar_Deva-urd_Arab,1915002
min_Latn-mri_Latn,28267
min_Latn-pag_Latn,45330
min_Latn-plt_Latn,81670
min_Latn-smo_Latn,36229
min_Latn-sun_Latn,47715
min_Latn-war_Latn,158106
mri_Latn-pag_Latn,58907
mri_Latn-smo_Latn,434106
mri_Latn-sun_Latn,361620
mri_Latn-war_Latn,156980
npi_Deva-ory_Orya,1196512
npi_Deva-pan_Guru,950234
npi_Deva-san_Deva,297104
npi_Deva-sat_Beng,13102
npi_Deva-sin_Sinh,820315
npi_Deva-snd_Arab,697642
npi_Deva-tam_Taml,1631076
npi_Deva-tel_Telu,2342745
npi_Deva-urd_Arab,1714363
nso_Latn-gaz_Latn,80150
nso_Latn-nus_Latn,16394
nso_Latn-nya_Latn,172380
nso_Latn-run_Latn,142452
nso_Latn-sna_Latn,169322
nso_Latn-som_Latn,150442
nso_Latn-sot_Latn,246075
nso_Latn-ssw_Latn,98022
nso_Latn-swh_Latn,342821
nso_Latn-tir_Ethi,78712
nso_Latn-tsn_Latn,271907
nso_Latn-tso_Latn,249455
nso_Latn-tum_Latn,101945
nso_Latn-twi_Latn,122346
nso_Latn-umb_Latn,66472
nso_Latn-wol_Latn,42905
nso_Latn-xho_Latn,237725
nso_Latn-yor_Latn,169985
nso_Latn-zul_Latn,313998
nus_Latn-gaz_Latn,16609
nus_Latn-nya_Latn,34019
nus_Latn-run_Latn,21156
nus_Latn-sna_Latn,35601
nus_Latn-som_Latn,52559
nus_Latn-sot_Latn,25655
nus_Latn-ssw_Latn,7761
nus_Latn-swh_Latn,103449
nus_Latn-tir_Ethi,20787
nus_Latn-tsn_Latn,33649
nus_Latn-tso_Latn,22087
nus_Latn-tum_Latn,19926
nus_Latn-twi_Latn,25731
nus_Latn-umb_Latn,9607
nus_Latn-wol_Latn,14025
nus_Latn-xho_Latn,28525
nus_Latn-yor_Latn,49468
nus_Latn-zul_Latn,38861
nya_Latn-gaz_Latn,94366
nya_Latn-run_Latn,339945
nya_Latn-sna_Latn,977417
nya_Latn-som_Latn,535036
nya_Latn-sot_Latn,863100
nya_Latn-ssw_Latn,89228
nya_Latn-swh_Latn,1078588
nya_Latn-tir_Ethi,196854
nya_Latn-tsn_Latn,290369
nya_Latn-tso_Latn,365385
nya_Latn-tum_Latn,292145
nya_Latn-twi_Latn,277105
nya_Latn-umb_Latn,141904
nya_Latn-wol_Latn,69792
nya_Latn-xho_Latn,702941
nya_Latn-yor_Latn,525619
nya_Latn-zul_Latn,1184037
oci_Latn-por_Latn,43906623
ory_Orya-pan_Guru,631666
ory_Orya-san_Deva,202789
ory_Orya-sat_Beng,7256
ory_Orya-sin_Sinh,795511
ory_Orya-snd_Arab,358943
ory_Orya-tam_Taml,1937627
ory_Orya-tel_Telu,2778489
ory_Orya-urd_Arab,1328747
pag_Latn-smo_Latn,100104
pag_Latn-sun_Latn,84540
pan_Guru-san_Deva,164926
pan_Guru-sat_Beng,2088
pan_Guru-sin_Sinh,608832
pan_Guru-snd_Arab,515434
pan_Guru-tam_Taml,1195675
pan_Guru-tel_Telu,1586109
pan_Guru-urd_Arab,1322495
pbt_Arab-tam_Taml,978176
pbt_Arab-tgk_Cyrl,308851
plt_Latn-mri_Latn,601730
plt_Latn-pag_Latn,219102
plt_Latn-smo_Latn,744208
plt_Latn-sun_Latn,733095
plt_Latn-war_Latn,503863
por_Latn-ayr_Latn,628438
por_Latn-quy_Latn,2071571
prs_Arab-pbt_Arab,116147
prs_Arab-tgk_Cyrl,58314
quy_Latn-spa_Latn,748091
run_Latn-sna_Latn,334205
run_Latn-som_Latn,210469
run_Latn-sot_Latn,230734
run_Latn-ssw_Latn,71808
run_Latn-swh_Latn,622955
run_Latn-tir_Ethi,161796
run_Latn-tsn_Latn,221202
run_Latn-tso_Latn,283463
run_Latn-tum_Latn,194527
run_Latn-twi_Latn,199589
run_Latn-umb_Latn,121294
run_Latn-wol_Latn,45932
run_Latn-xho_Latn,307503
run_Latn-yor_Latn,174926
run_Latn-zul_Latn,467223
rus_Cyrl-tat_Cyrl,756560
rus_Cyrl-tgk_Cyrl,3855330
san_Deva-sat_Beng,6250
san_Deva-sin_Sinh,181039
san_Deva-snd_Arab,146447
san_Deva-tam_Taml,313468
san_Deva-tel_Telu,389396
san_Deva-urd_Arab,297131
sat_Beng-sin_Sinh,7355
sat_Beng-snd_Arab,5213
sat_Beng-tam_Taml,12554
sat_Beng-tel_Telu,14317
sat_Beng-urd_Arab,9838
sin_Sinh-snd_Arab,491330
sin_Sinh-tam_Taml,1493318
sin_Sinh-tel_Telu,1764426
sin_Sinh-urd_Arab,1266917
smo_Latn-sun_Latn,446935
smo_Latn-war_Latn,213088
sna_Latn-som_Latn,532720
sna_Latn-sot_Latn,915705
sna_Latn-ssw_Latn,86651
sna_Latn-swh_Latn,1099171
sna_Latn-tir_Ethi,226951
sna_Latn-tsn_Latn,299901
sna_Latn-tso_Latn,351101
sna_Latn-tum_Latn,294060
sna_Latn-twi_Latn,272924
sna_Latn-umb_Latn,153467
sna_Latn-wol_Latn,67753
sna_Latn-xho_Latn,847016
sna_Latn-yor_Latn,541537
sna_Latn-zul_Latn,1309315
snd_Arab-tam_Taml,801562
snd_Arab-tel_Telu,1119706
snd_Arab-urd_Arab,1022963
som_Latn-sot_Latn,607015
som_Latn-ssw_Latn,74547
som_Latn-swh_Latn,630267
som_Latn-tir_Ethi,169616
som_Latn-tsn_Latn,197113
som_Latn-tso_Latn,196989
som_Latn-tum_Latn,179588
som_Latn-twi_Latn,189353
som_Latn-umb_Latn,96449
som_Latn-wol_Latn,71347
som_Latn-xho_Latn,377342
som_Latn-yor_Latn,378909
som_Latn-zul_Latn,605556
sot_Latn-ssw_Latn,107727
sot_Latn-swh_Latn,1002144
sot_Latn-tir_Ethi,163357
sot_Latn-tsn_Latn,310854
sot_Latn-tso_Latn,311353
sot_Latn-tum_Latn,206581
sot_Latn-twi_Latn,199837
sot_Latn-umb_Latn,102807
sot_Latn-wol_Latn,65657
sot_Latn-xho_Latn,802349
sot_Latn-yor_Latn,649382
sot_Latn-zul_Latn,1191034
ssw_Latn-swh_Latn,175608
ssw_Latn-tir_Ethi,36832
ssw_Latn-tsn_Latn,106936
ssw_Latn-tso_Latn,125555
ssw_Latn-tum_Latn,52465
ssw_Latn-twi_Latn,58915
ssw_Latn-umb_Latn,32317
ssw_Latn-wol_Latn,21230
ssw_Latn-xho_Latn,120198
ssw_Latn-yor_Latn,78042
ssw_Latn-zul_Latn,193252
sun_Latn-war_Latn,238286
swh_Latn-tir_Ethi,423021
swh_Latn-tsn_Latn,507209
swh_Latn-tso_Latn,585431
swh_Latn-tum_Latn,499548
swh_Latn-twi_Latn,514581
swh_Latn-umb_Latn,276673
swh_Latn-wol_Latn,156839
swh_Latn-xho_Latn,793222
swh_Latn-yor_Latn,582985
swh_Latn-zul_Latn,1366197
tam_Taml-tel_Telu,4433174
tam_Taml-urd_Arab,2765286
tat_Cyrl-tuk_Latn,12642
tat_Cyrl-uig_Arab,267506
tat_Cyrl-uzn_Latn,452373
tel_Telu-urd_Arab,3208818
tir_Ethi-tsn_Latn,154981
tir_Ethi-tso_Latn,157713
tir_Ethi-tum_Latn,152915
tir_Ethi-twi_Latn,142352
tir_Ethi-umb_Latn,66681
tir_Ethi-wol_Latn,35192
tir_Ethi-xho_Latn,158878
tir_Ethi-yor_Latn,133380
tir_Ethi-zul_Latn,251069
tsn_Latn-tso_Latn,315656
tsn_Latn-tum_Latn,187262
tsn_Latn-twi_Latn,241557
tsn_Latn-umb_Latn,109540
tsn_Latn-wol_Latn,77986
tsn_Latn-xho_Latn,318484
tsn_Latn-yor_Latn,213015
tsn_Latn-zul_Latn,412358
tso_Latn-tum_Latn,203106
tso_Latn-twi_Latn,229944
tso_Latn-umb_Latn,132324
tso_Latn-wol_Latn,49796
tso_Latn-xho_Latn,413346
tso_Latn-yor_Latn,187996
